Race,Place,Bib Number,Name,School,1k,2k,3k,4k,5k,Finish,Total Time,Pace
Great Lakes Regional,1,491,Alicia Monson (JR),Wisconsin (WISC),3:16,3:25,3:28,3:21,3:22,3:20,20:13.4,5:25
Great Lakes Regional,2,325,Anna Rohrer (JR),Notre Dame (ND),3:15,3:25,3:28,3:21,3:22,3:27,20:20.1,5:27
Great Lakes Regional,3,276,Anne Forsyth (FR),Michigan (MICH),3:17,3:28,3:33,3:25,3:24,3:23,20:32.5,5:30
Great Lakes Regional,4,275,Avery Evenson (SR),Michigan (MICH),3:17,3:28,3:33,3:25,3:26,3:24,20:36.1,5:32
Great Lakes Regional,5,298,Annie Fuller (JR),Michigan State (MIST),3:19,3:29,3:33,3:27,3:26,3:23,20:41.1,5:33
Great Lakes Regional,6,319,Jacqueline Gaughan (FR),Notre Dame (ND),3:17,3:24,3:31,3:27,3:29,3:32,20:42.4,5:33
Great Lakes Regional,7,413,Emma Rafuse (SR),Purdue Fort Wayne (PFW),3:16,3:26,3:32,3:28,3:30,3:28,20:43.5,5:33
Great Lakes Regional,8,174,Margaret Allen (SR),Indiana (IU),3:17,3:29,3:33,3:25,3:26,3:32,20:44.3,5:34
Great Lakes Regional,9,281,Hannah Meier (SR),Michigan (MICH),3:17,3:30,3:34,3:29,3:31,3:23,20:47.3,5:34
Great Lakes Regional,10,141,Sydney Meyers (SR),Eastern Michigan (EMU),3:20,3:28,3:34,3:25,3:28,3:29,20:47.5,5:34
Great Lakes Regional,11,488,Amy Davis (JR),Wisconsin (WISC),3:16,3:24,3:31,3:27,3:30,3:36,20:48.3,5:35
Great Lakes Regional,12,297,Maggie Farrell (SO),Michigan State (MIST),3:17,3:28,3:33,3:26,3:31,3:34,20:51.5,5:36
Great Lakes Regional,13,302,Erin McDonald (SR),Michigan State (MIST),3:17,3:28,3:33,3:25,3:31,3:34,20:52.2,5:36
Great Lakes Regional,14,274,Camille Davre (FR),Michigan (MICH),3:19,3:29,3:34,3:29,3:28,3:32,20:53.2,5:36
Great Lakes Regional,15,137,Natalie Cizmas (SR),Eastern Michigan (EMU),3:20,3:29,3:33,3:28,3:30,3:32,20:53.9,5:36
Great Lakes Regional,16,272,Claire Borchers (SR),Michigan (MICH),3:18,3:30,3:33,3:30,3:30,3:30,20:54.8,5:36
Great Lakes Regional,17,430,Athena Welsh (JR),Toledo (TOLE),3:17,3:27,3:35,3:26,3:34,3:34,20:55.2,5:37
Great Lakes Regional,18,494,Shaelyn Sorensen (SR),Wisconsin (WISC),3:22,3:30,3:33,3:27,3:29,3:33,20:56.2,5:37
Great Lakes Regional,19,181,Katherine Receveur (SR),Indiana (IU),3:17,3:28,3:33,3:26,3:36,3:34,20:56.6,5:37
Great Lakes Regional,20,317,Rachel DaDamio (SR),Notre Dame (ND),3:17,3:29,3:36,3:29,3:32,3:31,20:57.5,5:37
Great Lakes Regional,21,320,Jessica Harris (SR),Notre Dame (ND),3:19,3:29,3:34,3:28,3:32,3:32,20:58.1,5:37
Great Lakes Regional,22,303,Jeralyn Poe (JR),Michigan State (MIST),3:19,3:29,3:35,3:29,3:32,3:31,20:59.1,5:38
Great Lakes Regional,23,31,Rachel Walny (SR),Bowling Green (BGSU),3:18,3:30,3:35,3:29,3:32,3:33,21:00.1,5:38
Great Lakes Regional,24,65,Megan O'Neil (SR),Central Michigan (CMU),3:17,3:29,3:33,3:33,3:37,3:31,21:02.3,5:38
Great Lakes Regional,25,492,Alissa Niggemann (SO),Wisconsin (WISC),3:23,3:29,3:33,3:27,3:33,3:36,21:03.9,5:39
Great Lakes Regional,26,379,Emily Stoodley (SR),Ohio State (OHST),3:17,3:28,3:33,3:29,3:35,3:39,21:04.9,5:39
Great Lakes Regional,27,487,Lucinda Crouch (FR),Wisconsin (WISC),3:23,3:29,3:34,3:27,3:37,3:34,21:05.9,5:39
Great Lakes Regional,28,279,Jessi Larson (FR),Michigan (MICH),3:18,3:29,3:34,3:29,3:34,3:38,21:06.3,5:40
Great Lakes Regional,29,48,Josephine Thestrup (JR),Butler (BUTL),3:18,3:28,3:33,3:25,3:29,3:52,21:07.6,5:40
Great Lakes Regional,30,175,Lexa Barrott (JR),Indiana (IU),3:19,3:30,3:34,3:29,3:36,3:37,21:08.0,5:40
Great Lakes Regional,31,392,Emma Benner (JR),Purdue (PURD),3:19,3:29,3:33,3:29,3:34,3:41,21:09.1,5:40
Great Lakes Regional,32,283,Anna West (JR),Michigan (MICH),3:17,3:29,3:36,3:30,3:36,3:40,21:10.6,5:41
Great Lakes Regional,33,177,Haley Harris (SR),Indiana (IU),3:20,3:29,3:34,3:29,3:36,3:43,21:14.4,5:42
Great Lakes Regional,34,104,Emily Borchers (SR),Dayton (DAYT),3:19,3:32,3:35,3:32,3:37,3:39,21:16.3,5:42
Great Lakes Regional,35,460,Sarah Anderson (SR),Western Michigan (WMU),3:19,3:29,3:37,3:33,3:41,3:35,21:17.2,5:43
Great Lakes Regional,36,378,Kalee Soehnlen (SO),Ohio State (OHST),3:19,3:31,3:39,3:35,3:37,3:33,21:18.0,5:43
Great Lakes Regional,37,299,India Johnson (SO),Michigan State (MIST),3:24,3:30,3:42,3:32,3:35,3:31,21:18.3,5:43
Great Lakes Regional,38,376,Julia Rizk (SR),Ohio State (OHST),3:19,3:32,3:39,3:35,3:37,3:33,21:18.4,5:43
Great Lakes Regional,39,111,Taylor Vernot (SR),Dayton (DAYT),3:19,3:32,3:36,3:37,3:40,3:36,21:21.8,5:44
Great Lakes Regional,40,253,Carly Davis (JR),Miami (Ohio)(MIAO),3:17,3:29,3:37,3:33,3:41,3:43,21:22.8,5:44
Great Lakes Regional,41,346,Maggie Schneider (SO),Oakland (OAKL),3:20,3:28,3:34,3:31,3:42,3:46,21:24.3,5:44
Great Lakes Regional,42,198,S. Brooke Moore (JR),Indiana State (INST),3:18,3:32,3:39,3:38,3:41,3:35,21:25.5,5:45
Great Lakes Regional,43,306,Amber Way (JR),Michigan State (MIST),3:24,3:31,3:42,3:32,3:35,3:39,21:26.0,5:45
Great Lakes Regional,44,261,Alesha Vovk (SR),Miami (Ohio)(MIAO),3:17,3:29,3:37,3:34,3:43,3:44,21:26.7,5:45
Great Lakes Regional,45,144,Emily Smith (JR),Eastern Michigan (EMU),3:22,3:33,3:41,3:33,3:37,3:37,21:27.2,5:45
Great Lakes Regional,46,301,Jenna Magness (FR),Michigan State (MIST),3:24,3:30,3:42,3:33,3:39,3:38,21:29.7,5:46
Great Lakes Regional,47,179,Bailey Hertenstein (FR),Indiana (IU),3:19,3:30,3:36,3:37,3:44,3:44,21:33.2,5:47
Great Lakes Regional,48,42,Angelina Ellis (SO),Butler (BUTL),3:22,3:30,3:40,3:37,3:42,3:42,21:37.2,5:48
Great Lakes Regional,49,394,Jenna Halderman (JR),Purdue (PURD),3:22,3:32,3:43,3:38,3:45,3:36,21:38.7,5:48
Great Lakes Regional,50,2,Mackenzie Andrews (JR),Akron (AKR),3:17,3:29,3:37,3:38,3:50,3:45,21:40.1,5:49
Great Lakes Regional,51,322,Annasophia Keller (SO),Notre Dame (ND),3:19,3:32,3:48,3:47,3:42,3:34,21:46.5,5:50
Great Lakes Regional,52,323,Claudia Magnussen (SO),Notre Dame (ND),3:19,3:32,3:44,3:38,3:46,3:45,21:47.0,5:51
Great Lakes Regional,53,561,Mikayla Fox,Wis.-Milwaukee (MILW),3:23,3:36,3:43,3:38,3:42,3:45,21:50.1,5:51
Great Lakes Regional,54,398,Rachel Yuska (SR),Purdue (PURD),3:22,3:33,3:47,3:41,3:44,3:42,21:51.9,5:52
Great Lakes Regional,55,528,Anna Kostarellis (SO),Xavier (Ohio)(XAVI),3:22,3:33,3:43,3:39,3:50,3:42,21:51.9,5:52
Great Lakes Regional,56,352,Alyssa Atkinson (SR),Ohio (OHIO),3:23,3:34,3:44,3:39,3:43,3:46,21:52.2,5:52
Great Lakes Regional,57,182,Hannah Stoffel (SO),Indiana (IU),3:21,3:33,3:45,3:44,3:46,3:42,21:53.0,5:52
Great Lakes Regional,58,318,Sydney Foreman (SR),Notre Dame (ND),3:19,3:33,3:44,3:43,3:46,3:47,21:53.7,5:52
Great Lakes Regional,59,423,Michelle Hostettler (SO),Toledo (TOLE),3:23,3:38,3:48,3:41,3:42,3:39,21:54.1,5:52
Great Lakes Regional,60,218,Morgan Fleming (FR),Iupui (IUPU),3:23,3:33,3:46,3:41,3:45,3:44,21:54.5,5:52
Great Lakes Regional,61,523,Jenna Clayworth (SO),Xavier (Ohio)(XAVI),3:22,3:34,3:45,3:39,3:46,3:47,21:55.0,5:53
Great Lakes Regional,62,466,Juliane Sormain (JR),Western Michigan (WMU),3:20,3:37,3:51,3:40,3:44,3:39,21:55.5,5:53
Great Lakes Regional,63,257,Maegan Murphy (JR),Miami (Ohio)(MIAO),3:18,3:32,3:45,3:43,3:49,3:45,21:55.6,5:53
Great Lakes Regional,64,139,Madison Distelrath (SO),Eastern Michigan (EMU),3:23,3:37,3:49,3:42,3:45,3:38,21:56.7,5:53
Great Lakes Regional,65,26,Sarah Hunsley (SO),Bowling Green (BGSU),3:19,3:34,3:49,3:42,3:46,3:45,21:58.1,5:54
Great Lakes Regional,66,510,Shelby Nolan (JR),Wright State (WRST),3:26,3:38,3:45,3:40,3:44,3:43,22:00.0,5:54
Great Lakes Regional,67,236,Mary Hanson (SR),Marquette (MARQ),3:24,3:36,3:48,3:42,3:45,3:42,22:01.1,5:54
Great Lakes Regional,68,424,Jennifer Lichter (SR),Toledo (TOLE),3:18,3:31,3:47,3:44,3:48,3:52,22:01.9,5:54
Great Lakes Regional,69,215,Libby Bowling (SO),Iupui (IUPU),3:23,3:33,3:46,3:38,3:46,3:55,22:03.5,5:55
Great Lakes Regional,70,390,Mary Abramson (SR),Purdue (PURD),3:22,3:33,3:46,3:42,3:50,3:49,22:04.8,5:55
Great Lakes Regional,71,45,Maddie Mclain (FR),Butler (BUTL),3:25,3:37,3:49,3:39,3:46,3:48,22:05.4,5:55
Great Lakes Regional,72,202,Alli Workman (JR),Indiana State (INST),3:22,3:33,3:43,3:41,3:47,3:58,22:06.2,5:56
Great Lakes Regional,73,426,Stephanie Sherman (JR),Toledo (TOLE),3:20,3:38,3:48,3:46,3:44,3:48,22:07.0,5:56
Great Lakes Regional,74,374,Sarah Kanney (SR),Ohio State (OHST),3:19,3:32,3:45,3:47,3:51,3:51,22:08.0,5:56
Great Lakes Regional,75,396,Megan Slamkowski (SO),Purdue (PURD),3:22,3:33,3:46,3:47,3:53,3:45,22:09.4,5:56
Great Lakes Regional,76,44,Margo Hornocker (FR),Butler (BUTL),3:25,3:37,3:49,3:40,3:50,3:47,22:09.5,5:56
Great Lakes Regional,77,397,Isabelle Sparreo (FR),Purdue (PURD),3:23,3:37,3:51,3:44,3:49,3:42,22:09.9,5:56
Great Lakes Regional,78,178,Kelsey Harris (JR),Indiana (IU),3:21,3:32,3:44,3:47,3:54,3:49,22:10.3,5:57
Great Lakes Regional,79,530,Jennie Prial (SO),Xavier (Ohio)(XAVI),3:24,3:41,3:49,3:42,3:45,3:47,22:10.7,5:57
Great Lakes Regional,80,429,Claire Steigerwald (FR),Toledo (TOLE),3:20,3:34,3:49,3:44,3:51,3:52,22:11.7,5:57
Great Lakes Regional,81,512,Aurora Turner (SR),Wright State (WRST),3:26,3:38,3:44,3:40,3:45,3:55,22:11.9,5:57
Great Lakes Regional,82,96,Anna Brandt (SO),Cleveland St. (CLST),3:20,3:34,3:50,3:47,3:53,3:46,22:12.8,5:57
Great Lakes Regional,83,495,Rachel Werking (SO),Wisconsin (WISC),3:23,3:36,3:52,3:45,3:47,3:48,22:12.9,5:57
Great Lakes Regional,84,4,Haley Hess (JR),Akron (AKR),3:26,3:39,3:48,3:42,3:48,3:47,22:13.1,5:58
Great Lakes Regional,85,64,Kirsten Olling (SR),Central Michigan (CMU),3:25,3:37,3:49,3:43,3:50,3:48,22:13.7,5:58
Great Lakes Regional,86,30,Katerina Shuble (FR),Bowling Green (BGSU),3:23,3:39,3:53,3:50,3:51,3:37,22:14.7,5:58
Great Lakes Regional,87,79,Hannah Markel (SO),Cincinnati (CINC),3:28,3:41,3:46,3:44,3:48,3:49,22:19.1,5:59
Great Lakes Regional,88,160,Anna Lowry (SO),Evansville (EVAN),3:25,3:40,3:50,3:45,3:50,3:45,22:19.3,5:59
Great Lakes Regional,89,255,Claire Linn (JR),Miami (Ohio)(MIAO),3:20,3:35,3:47,3:48,3:57,3:50,22:19.5,5:59
Great Lakes Regional,90,563,Emily Royston,Wis.-Milwaukee (MILW),3:26,3:38,3:47,3:44,3:50,3:52,22:20.8,5:59
Great Lakes Regional,91,372,Brittany Atkinson (SR),Ohio State (OHST),3:25,3:36,3:50,3:45,3:51,3:52,22:22.0,6:00
Great Lakes Regional,92,393,Gabrielle Broschard (SR),Purdue (PURD),3:22,3:32,3:47,3:43,3:51,4:04,22:22.2,6:00
Great Lakes Regional,93,46,Corinna Pena (FR),Butler (BUTL),3:29,3:40,3:55,3:47,3:48,3:40,22:22.2,6:00
Great Lakes Regional,94,489,Kristen Garcia (FR),Wisconsin (WISC),3:23,3:35,3:51,3:47,3:53,3:51,22:22.6,6:00
Great Lakes Regional,95,507,Hailey Brumfield (SR),Wright State (WRST),3:27,3:41,3:50,3:43,3:50,3:50,22:23.8,6:00
Great Lakes Regional,96,525,Maya Hannagan (FR),Xavier (Ohio)(XAVI),3:24,3:41,3:49,3:46,3:53,3:47,22:24.0,6:00
Great Lakes Regional,97,143,Ashleigh Simonis (SO),Eastern Michigan (EMU),3:27,3:40,3:49,3:44,3:50,3:52,22:25.2,6:01
Great Lakes Regional,98,422,Olivia Chinn (SR),Toledo (TOLE),3:21,3:33,3:53,3:51,3:54,3:51,22:25.3,6:01
Great Lakes Regional,99,9,Alyssa Thomas (SO),Akron (AKR),3:26,3:39,3:49,3:42,3:55,3:53,22:26.2,6:01
Great Lakes Regional,100,219,Katelyn Murphy (JR),Iupui (IUPU),3:23,3:40,3:54,3:46,3:51,3:50,22:28.0,6:02
Great Lakes Regional,101,341,Heather Czarnecki (SO),Oakland (OAKL),3:28,3:42,3:52,3:46,3:51,3:47,22:28.6,6:02
Great Lakes Regional,102,63,Morgan Merlino (SO),Central Michigan (CMU),3:25,3:39,3:53,3:47,3:52,3:51,22:29.5,6:02
Great Lakes Regional,103,108,Emily Sreenan (FR),Dayton (DAYT),3:26,3:39,3:50,3:47,3:53,3:51,22:30.1,6:02
Great Lakes Regional,104,125,Claire Kendell (SO),Detroit Mercy (DETM),3:27,3:42,3:54,3:45,3:48,3:52,22:30.3,6:02
Great Lakes Regional,105,8,Lindsey Scarton (SO),Akron (AKR),3:26,3:39,3:52,3:48,3:52,3:53,22:31.9,6:02
Great Lakes Regional,106,112,Kelly Wilker (SO),Dayton (DAYT),3:28,3:41,3:53,3:45,3:50,3:51,22:32.1,6:03
Great Lakes Regional,107,462,Maria McDaniel (SR),Western Michigan (WMU),3:18,3:32,3:52,3:51,4:02,3:56,22:33.6,6:03
Great Lakes Regional,108,465,Paisley Sipes (FR),Western Michigan (WMU),3:22,3:40,3:55,3:51,3:57,3:47,22:34.4,6:03
Great Lakes Regional,109,195,Jessi Conley (SR),Indiana State (INST),3:22,3:37,3:53,3:50,3:55,3:56,22:35.5,6:03
Great Lakes Regional,110,344,Maddi Leigh (SO),Oakland (OAKL),3:30,3:43,3:50,3:46,3:56,3:49,22:36.0,6:04
Great Lakes Regional,111,43,Camille Hines (SO),Butler (BUTL),3:24,3:37,3:52,3:50,3:56,3:56,22:37.7,6:04
Great Lakes Regional,112,238,Caitlin McGauley (JR),Marquette (MARQ),3:28,3:44,3:53,3:46,3:51,3:54,22:38.4,6:04
Great Lakes Regional,113,41,Mia Beckham (FR),Butler (BUTL),3:27,3:42,3:55,3:48,3:53,3:50,22:38.6,6:04
Great Lakes Regional,114,109,Allison Triskett (SR),Dayton (DAYT),3:29,3:43,3:53,3:47,3:53,3:52,22:39.2,6:04
Great Lakes Regional,115,256,Emma Mashburn (SR),Miami (Ohio)(MIAO),3:17,3:37,3:56,3:54,3:58,3:54,22:39.3,6:04
Great Lakes Regional,116,506,Victoria Angelopoulos (JR),Wright State (WRST),3:30,3:46,3:54,3:44,3:53,3:51,22:41.3,6:05
Great Lakes Regional,117,560,Shannon Dugan,Wis.-Milwaukee (MILW),3:24,3:42,3:55,3:51,3:56,3:52,22:41.8,6:05
Great Lakes Regional,118,360,Abby Miller (JR),Ohio (OHIO),3:31,3:46,3:52,3:46,3:51,3:55,22:43.5,6:06
Great Lakes Regional,119,252,Emma Bryant (SO),Miami (Ohio)(MIAO),3:24,3:46,3:55,3:49,3:57,3:51,22:44.5,6:06
Great Lakes Regional,120,442,Katherine Germann (JR),Valparaiso (VALP),3:29,3:41,3:54,3:48,3:58,3:51,22:44.8,6:06
Great Lakes Regional,121,375,Devon Leahy (JR),Ohio State (OHST),3:21,3:40,3:58,3:54,3:59,3:50,22:45.3,6:06
Great Lakes Regional,122,524,Amanda Cusimano (SO),Xavier (Ohio)(XAVI),3:25,3:47,3:55,3:48,3:58,3:49,22:45.9,6:06
Great Lakes Regional,123,427,Petronela Simiuc (JR),Toledo (TOLE),3:16,3:44,4:06,3:54,3:54,3:51,22:47.5,6:07
Great Lakes Regional,124,566,Meg Swietlik,Wis.-Milwaukee (MILW),3:24,3:40,3:53,3:51,3:56,4:02,22:48.9,6:07
Great Lakes Regional,125,221,Shelby Pake (JR),Iupui (IUPU),3:27,3:47,3:52,3:51,3:54,3:55,22:50.4,6:07
Great Lakes Regional,126,61,Lauren Beckmann (FR),Central Michigan (CMU),3:25,3:37,3:49,3:44,3:57,4:16,22:51.0,6:08
Great Lakes Regional,127,229,Leah Lisle (FR),Kent State (KENT),3:25,3:40,3:59,3:52,3:56,3:58,22:51.2,6:08
Great Lakes Regional,128,547,Nicole Squatrito (SO),Youngstown St. (YSU),3:30,3:43,3:54,3:49,3:58,3:56,22:51.6,6:08
Great Lakes Regional,129,509,Molly Kearns (JR),Wright State (WRST),3:30,3:46,3:55,3:50,3:54,3:56,22:53.5,6:08
Great Lakes Regional,130,380,Lainey Studebaker (JR),Ohio State (OHST),3:21,3:41,4:05,3:55,3:58,3:52,22:55.8,6:09
Great Lakes Regional,131,60,Natalie Beaulieu (JR),Central Michigan (CMU),3:27,3:42,3:53,3:50,3:58,4:04,22:56.1,6:09
Great Lakes Regional,132,546,Maggie Sebest (FR),Youngstown St. (YSU),3:30,3:44,3:54,3:52,3:56,3:58,22:56.9,6:09
Great Lakes Regional,133,66,Maija Rettelle (FR),Central Michigan (CMU),3:25,3:45,4:01,3:56,4:00,3:48,22:58.2,6:10
Great Lakes Regional,134,562,Hailey Migliano,Wis.-Milwaukee (MILW),3:23,3:44,3:58,3:55,3:58,3:59,22:58.9,6:10
Great Lakes Regional,135,97,Jessica Finley (JR),Cleveland St. (CLST),3:31,3:42,3:55,3:51,3:59,3:59,23:00.0,6:10
Great Lakes Regional,136,84,Katrina Patterson (SO),Cincinnati (CINC),3:32,3:47,3:56,3:52,3:56,3:55,23:01.0,6:10
Great Lakes Regional,137,354,Hailey Bowes (SO),Ohio (OHIO),3:28,3:44,3:57,3:53,4:01,3:58,23:02.8,6:11
Great Lakes Regional,138,27,Jessi Lindstrom (SO),Bowling Green (BGSU),3:29,3:49,4:00,3:58,3:54,3:50,23:03.3,6:11
Great Lakes Regional,139,461,Brittney Hall (JR),Western Michigan (WMU),3:21,3:41,3:56,3:55,4:04,4:05,23:04.5,6:11
Great Lakes Regional,140,145,Kaitlyn St. Bernard (FR),Eastern Michigan (EMU),3:28,3:41,3:58,3:56,3:58,4:01,23:05.5,6:11
Great Lakes Regional,141,527,Courtney Klatt (FR),Xavier (Ohio)(XAVI),3:28,3:47,3:57,3:55,4:03,3:54,23:06.4,6:12
Great Lakes Regional,142,565,Emily Sass,Wis.-Milwaukee (MILW),3:28,3:43,3:56,3:53,4:01,4:03,23:07.0,6:12
Great Lakes Regional,143,199,Jocelyn Quiles (FR),Indiana State (INST),3:28,3:48,4:02,3:58,4:02,3:46,23:07.4,6:12
Great Lakes Regional,144,254,McKenna Fry (FR),Miami (Ohio)(MIAO),3:23,3:40,3:53,3:53,4:07,4:10,23:08.3,6:12
Great Lakes Regional,145,241,Kendall Pfrimmer (FR),Marquette (MARQ),3:29,3:46,3:58,3:54,4:00,4:00,23:09.8,6:13
Great Lakes Regional,146,463,Chloe McEachern (FR),Western Michigan (WMU),3:22,3:46,4:05,4:01,4:07,3:47,23:10.7,6:13
Great Lakes Regional,147,106,Carlee Constable (SO),Dayton (DAYT),3:30,3:45,3:58,3:54,4:01,4:01,23:10.9,6:13
Great Lakes Regional,148,3,Elizabeth Gurko (FR),Akron (AKR),3:28,3:48,4:02,3:59,4:02,3:50,23:12.9,6:13
Great Lakes Regional,149,343,Rachel Kempf (FR),Oakland (OAKL),3:30,3:44,3:57,3:56,4:02,4:00,23:13.7,6:14
Great Lakes Regional,150,77,Sammy Hentz (JR),Cincinnati (CINC),3:33,3:49,3:58,3:55,3:55,4:01,23:14.7,6:14
Great Lakes Regional,151,24,Megan Aalberts (FR),Bowling Green (BGSU),3:29,3:43,4:00,3:59,3:57,4:04,23:15.3,6:14
Great Lakes Regional,152,196,Megan Doty (SR),Indiana State (INST),3:29,3:50,4:01,3:56,4:01,3:57,23:16.3,6:14
Great Lakes Regional,153,5,Elizabeth Mosier (SR),Akron (AKR),3:32,3:53,3:56,3:59,3:59,3:56,23:17.2,6:15
Great Lakes Regional,154,107,Katie Miller (FR),Dayton (DAYT),3:30,3:48,4:01,3:59,4:01,3:55,23:17.3,6:15
Great Lakes Regional,155,529,Jane Onders (JR),Xavier (Ohio)(XAVI),3:28,3:49,4:03,4:00,4:01,3:53,23:17.6,6:15
Great Lakes Regional,156,233,Emily Foley (SO),Marquette (MARQ),3:31,3:51,4:04,3:57,4:02,3:50,23:17.7,6:15
Great Lakes Regional,157,75,Maggie Breitenstein (FR),Cincinnati (CINC),3:33,3:50,4:02,3:58,3:59,3:54,23:17.8,6:15
Great Lakes Regional,158,22,Emmalyne Tarsa (SO),Ball State (BALL),3:26,3:45,4:01,3:58,4:03,4:02,23:18.2,6:15
Great Lakes Regional,159,544,Jennifer Muhlenkamp (SR),Youngstown St. (YSU),3:31,3:49,4:01,3:56,4:02,3:56,23:18.7,6:15
Great Lakes Regional,160,234,Amy Gasperlin (JR),Marquette (MARQ),3:31,3:52,4:03,3:59,4:02,3:50,23:19.1,6:15
Great Lakes Regional,161,408,Hannah Aschliman (SR),Purdue Fort Wayne (PFW),3:32,3:51,3:59,3:56,4:00,3:58,23:19.5,6:15
Great Lakes Regional,162,564,Megan Safranski,Wis.-Milwaukee (MILW),3:24,3:45,4:00,4:01,4:06,4:01,23:19.6,6:15
Great Lakes Regional,163,76,Ellee Bullock (FR),Cincinnati (CINC),3:32,3:48,3:59,3:55,3:59,4:04,23:20.3,6:15
Great Lakes Regional,164,508,Abigail Halsey (SO),Wright State (WRST),3:33,3:53,4:03,3:57,3:56,3:57,23:21.8,6:16
Great Lakes Regional,165,201,Michaela Ward (JR),Indiana State (INST),3:22,3:38,4:02,4:00,4:11,4:06,23:22.0,6:16
Great Lakes Regional,166,23,Lauren Whitehouse (JR),Ball State (BALL),3:28,3:51,4:04,3:55,4:04,3:57,23:22.0,6:16
Great Lakes Regional,167,459,Courtney Allen (SO),Western Michigan (WMU),3:21,3:51,4:09,3:59,4:04,3:55,23:22.9,6:16
Great Lakes Regional,168,237,Nora Keller (SR),Marquette (MARQ),3:31,3:51,4:04,3:57,4:01,3:58,23:24.0,6:17
Great Lakes Regional,169,545,Mackenzie Scott (FR),Youngstown St. (YSU),3:30,3:45,4:00,4:02,4:03,4:01,23:24.2,6:17
Great Lakes Regional,170,6,Ashley Murray (SR),Akron (AKR),3:27,3:46,4:01,3:59,4:01,4:08,23:25.0,6:17
Great Lakes Regional,171,128,Veronica Towianski (SR),Detroit Mercy (DETM),3:33,3:50,4:02,3:54,4:03,4:02,23:27.6,6:17
Great Lakes Regional,172,59,Samantha Allmacher (SR),Central Michigan (CMU),3:35,3:49,3:59,3:53,4:01,4:09,23:28.8,6:18
Great Lakes Regional,173,353,Madelyn Bartolone (FR),Ohio (OHIO),3:37,3:54,4:05,3:58,4:01,3:57,23:35.5,6:20
Great Lakes Regional,174,232,Mary Rose Flood (FR),Marquette (MARQ),3:31,3:52,4:03,4:00,4:08,4:00,23:37.5,6:20
Great Lakes Regional,175,359,Melissa Koziol (JR),Ohio (OHIO),3:30,3:43,3:57,4:05,4:08,4:11,23:38.0,6:20
Great Lakes Regional,176,124,Kayla Hughes (JR),Detroit Mercy (DETM),3:33,3:50,4:02,3:58,4:03,4:09,23:38.4,6:20
Great Lakes Regional,177,216,Amairany Cruz (SR),Iupui (IUPU),3:29,3:48,4:05,3:59,4:11,4:05,23:39.8,6:21
Great Lakes Regional,178,358,Tiffany Hill (JR),Ohio (OHIO),3:35,3:52,4:02,4:04,4:02,4:05,23:42.1,6:21
Great Lakes Regional,179,25,Allison Holahan (SO),Bowling Green (BGSU),3:29,3:50,4:03,4:00,4:09,4:08,23:42.6,6:21
Great Lakes Regional,180,541,Natalie Fleming (SO),Youngstown St. (YSU),3:30,3:46,4:02,4:00,4:10,4:12,23:43.0,6:22
Great Lakes Regional,181,342,Macy Gustavus (JR),Oakland (OAKL),3:32,3:49,4:04,3:54,4:08,4:17,23:45.9,6:22
Great Lakes Regional,182,21,Meliza Rodriguez (JR),Ball State (BALL),3:22,3:48,4:09,4:06,4:10,4:13,23:49.7,6:23
Great Lakes Regional,183,357,Emily Deering (SR),Ohio (OHIO),3:31,3:57,4:09,4:05,4:08,3:56,23:50.6,6:24
Great Lakes Regional,184,194,Tara Cassidy (FR),Indiana State (INST),3:29,3:54,4:11,4:04,4:11,4:00,23:52.7,6:24
Great Lakes Regional,185,220,Janine Orvis (SO),Iupui (IUPU),3:30,3:53,4:07,4:04,4:08,4:11,23:55.3,6:25
Great Lakes Regional,186,82,Samantha Mikula (SO),Cincinnati (CINC),3:25,3:40,3:48,3:56,4:33,4:32,23:57.5,6:25
Great Lakes Regional,187,340,Bailey Cronin (SO),Oakland (OAKL),3:31,3:52,4:04,4:05,4:10,4:12,23:57.9,6:25
Great Lakes Regional,188,414,Rebecca Sippel (SR),Purdue Fort Wayne (PFW),3:33,3:57,4:14,4:04,4:04,4:04,23:58.9,6:26
Great Lakes Regional,189,411,Sophia Hirzel (SO),Purdue Fort Wayne (PFW),3:35,3:57,4:13,4:06,4:09,4:05,24:07.6,6:28
Great Lakes Regional,190,32,Allie Zofkie (FR),Bowling Green (BGSU),3:30,3:52,4:09,4:08,4:11,4:17,24:09.2,6:29
Great Lakes Regional,191,103,Kylie Scott (SO),Cleveland St. (CLST),3:29,3:54,4:13,4:09,4:11,4:11,24:10.5,6:29
Great Lakes Regional,192,213,Jessica Backherms (JR),Iupui (IUPU),3:27,3:49,4:12,4:15,4:16,4:11,24:12.2,6:29
Great Lakes Regional,193,156,Ashton Bosler (SR),Evansville (EVAN),3:41,4:05,4:17,4:08,4:05,4:01,24:19.9,6:31
Great Lakes Regional,194,439,Sarah Caesar (SO),Valparaiso (VALP),3:34,3:56,4:06,4:09,4:17,4:20,24:26.6,6:33
Great Lakes Regional,195,127,Victoria Ostrander (JR),Detroit Mercy (DETM),3:38,3:58,4:13,4:09,4:12,4:16,24:29.2,6:34
Great Lakes Regional,196,157,Sienna Crews (SR),Evansville (EVAN),3:34,4:04,4:18,4:10,4:14,4:09,24:31.3,6:35
Great Lakes Regional,197,409,Bailie Brown (FR),Purdue Fort Wayne (PFW),3:38,4:05,4:16,4:11,4:14,4:15,24:41.0,6:37
Great Lakes Regional,198,511,Lauren Shuman (SO),Wright State (WRST),3:37,4:10,4:19,4:10,4:11,4:12,24:41.6,6:37
Great Lakes Regional,199,469,Meta Ehlen,Wis.-Green Bay (UWGB),3:38,4:01,4:15,4:14,4:16,4:18,24:44.2,6:38
Great Lakes Regional,200,471,Alexandra Kershner,Wis.-Green Bay (UWGB),3:36,4:03,4:16,4:12,4:15,4:20,24:45.3,6:38
Great Lakes Regional,201,83,Maddie O'Dea (FR),Cincinnati (CINC),3:38,4:05,4:20,4:16,4:20,4:07,24:48.9,6:39
Great Lakes Regional,202,100,Lily Michael (FR),Cleveland St. (CLST),3:25,3:58,4:32,4:17,4:20,4:19,24:54.6,6:41
Great Lakes Regional,203,540,Morgan Buckley (FR),Youngstown St. (YSU),3:34,4:04,4:18,4:12,4:28,4:19,24:56.5,6:41
Great Lakes Regional,204,99,Heather McArdle (FR),Cleveland St. (CLST),3:36,4:04,4:21,4:16,4:22,4:15,24:57.5,6:42
Great Lakes Regional,205,101,Graicen Riley (FR),Cleveland St. (CLST),3:35,4:03,4:19,4:17,4:21,4:19,24:57.5,6:42
Great Lakes Regional,206,126,Rebecca Measel (SO),Detroit Mercy (DETM),3:38,4:04,4:22,4:16,4:19,4:17,24:58.8,6:42
Great Lakes Regional,207,159,Haylee Harmeyer (FR),Evansville (EVAN),3:38,4:05,4:20,4:16,4:23,4:17,25:02.3,6:43
Great Lakes Regional,208,412,Caitlyn Kiekhaefer (SR),Purdue Fort Wayne (PFW),3:37,4:11,4:22,4:18,4:21,4:25,25:17.5,6:47
Great Lakes Regional,209,476,Alexia Oyer (FR),Wis.-Green Bay (UWGB),3:38,4:07,4:29,4:19,4:23,4:22,25:21.5,6:48
Great Lakes Regional,210,142,Lexi Seifert (FR),Eastern Michigan (EMU),3:44,4:19,4:28,4:21,4:23,4:12,25:29.7,6:50
Great Lakes Regional,211,98,Olivia Hammons (JR),Cleveland St. (CLST),3:27,3:58,4:36,4:27,4:29,4:32,25:30.8,6:50
Great Lakes Regional,212,441,Maranda Donahue (FR),Valparaiso (VALP),3:38,4:14,4:32,4:19,4:23,4:23,25:31.8,6:51
Great Lakes Regional,213,443,Taylor Justison (JR),Valparaiso (VALP),3:39,4:13,4:30,4:29,4:31,4:15,25:39.9,6:53
Great Lakes Regional,214,468,Miranda Dreckschmidt (SR),Wis.-Green Bay (UWGB),3:52,4:18,4:28,4:20,4:21,4:22,25:43.2,6:54
Great Lakes Regional,215,475,Sarah Niehueser (FR),Wis.-Green Bay (UWGB),3:51,4:15,4:30,4:21,4:26,4:22,25:48.4,6:55
Great Lakes Regional,216,123,Sarah DeDolph (JR),Detroit Mercy (DETM),3:39,4:08,4:30,4:27,4:34,4:35,25:55.3,6:57
Great Lakes Regional,217,474,Neda Mobasher (FR),Wis.-Green Bay (UWGB),3:51,4:16,4:30,4:24,4:31,4:31,26:05.5,7:00
Great Lakes Regional,218,161,Lauren Meyer (SO),Evansville (EVAN),4:00,4:22,4:33,4:28,4:27,4:21,26:14.1,7:02
Great Lakes Regional,219,445,Sarah Messerschmidt (FR),Valparaiso (VALP),3:43,4:21,4:41,4:36,4:38,4:24,26:26.8,7:05
Great Lakes Regional,220,158,Izzy Dawson (SO),Evansville (EVAN),4:05,4:28,4:34,4:30,4:29,4:20,26:28.5,7:06
Great Lakes Regional,221,163,Katelyn Singh (FR),Evansville (EVAN),3:53,4:21,4:37,4:28,4:33,4:39,26:33.6,7:07
Great Lakes Regional,222,410,Emily Fuelling (FR),Purdue Fort Wayne (PFW),3:44,4:31,4:43,4:38,4:43,4:34,26:56.7,7:13
Great Lakes Regional,223,440,Kailee Carro (FR),Valparaiso (VALP),4:05,4:30,4:45,4:38,4:34,4:31,27:05.2,7:16
Great Lakes Regional,224,478,Hannah Suarez (FR),Wis.-Green Bay (UWGB),3:54,4:34,4:45,4:41,4:37,4:34,27:08.3,7:17
Great Lakes Regional,225,444,Claire Kovarik (FR),Valparaiso (VALP),4:05,4:30,4:45,4:42,4:51,4:50,27:46.1,7:27
